Businessname,Address,Businesstype
10 Foot Pizza,740 N Rampart St,Full Service Restaurants
Curb Side Daiquiris,1030 Elysian Fields Ave,Bar
John & Mary Food Store,3238 Orleans Ave,Convenience Stores
Diaz Market Riverbend,600 S Carrollton Ave,Gasoline Stations With Convenience Stores
Mardi Gras World,1380 Port Of New Orleans Pl,Reception Hall
Bayou District Foundation,1051 Filmore Ave,Limited Service Restaurants
The Italian Barrel,430 Barracks St,Full Service Restaurants
Chippewa Food Store,1684 Chippewa St,Convenience Stores
Napoleon S Itch,734 Bourbon St,Bar
Hi Lo Lounge,2239 St Claude Ave,Bar
New Orleans City Park,1 Dreyfous Ave,Motion Picture Theater
French Quarter Deli,1139-1141 Decatur St,Full Service Restaurants
Poseiden,2100  Saint Charles Ave,Full Service Restaurants
504 Craft Beer Reserve,3939 Tulane Ave,"Beer, Wine & Liquor Stores"
Joey K's Restaurant,3001 Magazine St,Full Service Restaurants
World Famous Corporation Bar And Grill,931 S Peters St,Full Service Restaurants
The Cheesy Cajun,3325 Saint Claude Ave,Full Service Restaurants
Stewart's Diner,3403 N Claiborne Ave,Full Service Restaurants
Orpheum Theater,129 Roosevelt Way,Theater Co & Dinner Theaters
The Drifter Hotel,3522  Tulane Ave,Hotels & Motels
Gravier Street Social,523 Gravier St,Bar
Pepperoni's Cafe,8123 Hampson St,Full Service Restaurants
The Frenchmen Theatre,516 Frenchmen St,Theater Co & Dinner Theaters
Fullblast Brunch,139 S Cortez St,Full Service Restaurants
Mikimoto Japanese Restaurant,3301 S Carrollton Ave,Full Service Restaurants
Olive Supermarket,8841 Olive St,Grocery Stores
"Napoleon Ave, Llc",3001 Napoleon Ave,Full Service Restaurants
Nola Par 9,6514 Congress Dr,Full Service Restaurants
Chris Specialty Meats,6251 West End Blvd,Meat Markets
Banks St. Bar,4401 Banks St,Bar
Skinny's Tavern & Marie's Kitchen,3829 Clematis St,Full Service Restaurants
Bar La La's,2802 Cherry St,Bar
The Munch Factory,1901 Sophie Wright Pl,Full Service Restaurants
Legends New Orleans,2501 Canal St,Full Service Restaurants
Kyoto Sushi Nola Llc,4821 Prytania St,Full Service Restaurants
Deanie's On Magazine,2200 Magazine St,Full Service Restaurants
Thai Mint,1438 S Carrollton Ave,Full Service Restaurants
Algiers Steak And Oyster Cafe,3137 General Meyer Ave,Full Service Restaurants
Joe's Sandpiper,2119 Louisiana Ave,Bar
Mahony's Po-Boys,901 Iberville St,Full Service Restaurants
Stable Kitchen,1751 Gentilly Blvd,Full Service Restaurants
The Line,2029 N Claiborne Ave,Bar
Frey Smoked Meat,4141 Bienville St,Full Service Restaurants
Stanley,547 Saint Ann St,Full Service Restaurants
Lola's Restaurant,3312 Esplanade Ave,Full Service Restaurants
Don Leoncio Cigars,430 Canal St,Bar
G's Pizza Cbd,833 Howard Ave,Full Service Restaurants
Hoang Gia Restaurant,4664 Alcee Fortier Blvd,Full Service Restaurants
The Tequila House,417 Bourbon St,Bar
Irene's,529 Bienville St,Full Service Restaurants
Hank's Restaurant & Lounge,1443 N Robertson St,Full Service Restaurants
The Liquor Store Depot,9301  Lake Forest Blvd,"Beer, Wine & Liquor Stores"
Green Goddess Restaurant,307 Exchange Pl,Full Service Restaurants
Cambria New Orleans Downtown,632 Tchoupitoulas St,Hotels & Motels
The Saint Hotel,931 Canal St,Bar
Mid City Pizza,4400 Banks St,Full Service Restaurants
Mike's Discount 2,3600 Macarthur Blvd,Convenience Stores
The Swamp On Bourbon,516 Bourbon St,Bar
Claiborne #165,4101 S Claiborne Ave,Convenience Stores
Marigny Brasserie,640 Frenchmen St,Full Service Restaurants
Chinese Tea Garden,5226-28 Elysian Fields Ave,Full Service Restaurants
Jwillli Group Llc,8020 Downman Rd,Bar
Asuka Sushi & Hibachi,7912 Earhart Blvd,Full Service Restaurants
Blue Nile,532 Frenchmen St,Bar
Brothers Three,4520 Magazine St,Bar
Robertson's Vieux,1523 Basin St,Bar
Out In The Cold,701 6Th St,Bar
Rendon Inn,4501 Eve St,Bar
Galvez Food Store,120 N Galvez St,Grocery Stores
Bayou Breakfast,3111 Grand Route St John,Full Service Restaurants
Catahoula Hotel Llc,914 Union St,Hotels & Motels
Zulu Roy Glapion Hall,730 N Broad St,Reception Hall
Lots Of Luck,203 Homedale Ave,Bar
Mike's Food Store,3708 St Claude Ave,Grocery Stores
The Cornstalk Hotel,915 Royal St,Hotels & Motels
Robert Fresh Market(Robt E Lee),135 Robert E Lee Blvd,Grocery Stores
Winoshop,201  St Charles Ave,"Beer, Wine & Liquor Stores"
Julian Food Store,4500 Woodland Dr,Convenience Stores
The Tahyo Tavern,1140 Decatur St,Full Service Restaurants
Crystal Magnolia Country Club,7221 Curran Rd,Golf Courses & Country Clubs
La Pointe 2,4061 Tulane Ave,Bar
Passions,3921 Downman Rd,Bar
Mississippi River Bottom (Mrb),515 St Philip St,Bar
Jackson Food Store,2801 Jackson Ave,Grocery Stores
Compak Food & Deli,501 Dauphine St,Convenience Stores
Bittersweet Confections,725 Magazine St,Baked Goods Stores
Commerce Restaurant,300 Camp St,Full Service Restaurants
La Carreta On Magazine,1814 Magazine St,Full Service Restaurants
The Corsair Hotel,4125 St. Charles Ave,Hotels & Motels
New Orleans Yacht Club,403 N Roadway St,Bar
Nola Cantina,437 Esplanade Ave,Full Service Restaurants
Westin New Orleans Canal Place,100 Iberville St,Hotels & Motels
Bar Frances,4525 Freret St,Full Service Restaurants
Poppy's Timeout Sports Bar & Grill,8 Rosedown Ct,Full Service Restaurants
Atelier Vie,1001 S Broad Ave,Alcoholic Beverage Wholesalers
Next To Nothing,1001 S Broad St,"Beer, Wine & Liquor Stores"
Lucy's Supermarket,3443 Paris Ave,Grocery Stores
Residence Inn By Marriott-[Rest],345 Saint Joseph St,Full Service Restaurants
Cvs/ Pharmacy #763,800-B Canal St,Pharmacies & Drug Stores
We Dat's Chicken & Shrimp,1407 Canal St,Full Service Restaurants
The Original Italian Pie,417 S Rampart St,Full Service Restaurants
We Dats New Orleans Own Chicken & Shrimp,4500 Old Gentilly Rd,Full Service Restaurants
Handsome Willy's Cafe,220 S Robertson St,Full Service Restaurants
Handsome Willy's,218 S Robertson St,Bar
Moxy New Orleans Downtown/French Quarter Area,850 Ridge Lake Blvd,Full Service Restaurants
Antoine's Restaurant,713 Saint Louis St,Full Service Restaurants
South Market Pub & Grill,735-737 Saint Joseph St,Bar
New York Pizza,4416-18 Magazine St,Full Service Restaurants
France Meat Market,1339 France St,Meat Markets
Read Supermarket,7045 Read Blvd,Convenience Stores
Continental,7140 Downman Rd,Bar
Martins Wine Cellar Or  Wines Unlimited,4221 Bienville St,Alcoholic Beverage Wholesalers
Maypop,611 Okeefe Ave,Full Service Restaurants
Johnny White's Corner Pub,720 Bourbon St,Bar
Reginelli's Pizzeria,3244 Magazine St,Full Service Restaurants
Quicky's,2701 Tulane Ave,Grocery Stores
Bienville Club Bar,666 Gravier St,Full Service Restaurants
Seabrook Harbor,5801 France Rd,Boat Dealers/Marine Supplies
Gumbo Shop,630 Saint Peter St,Full Service Restaurants
Kenilworth Spur,6501 I 10 E Service Rd,Gasoline Stations With Convenience Stores
Shamrock,4133 S Carrollton Ave,Bar
Pigeon & Prince,129-133 Camp St,Full Service Restaurants
Tulane Catering,31 Mcalister Dr,Convenience Stores
Red Dog Diner,3122 Magazine St,Full Service Restaurants
Southern Oaks Plantation,7816 Haynes Blvd,Caterers
Neighborhood Discount Supermarket,3222 Baronne St,Convenience Stores
Aquarium Of Amer. & Woldenberg Rf Pk,1 Canal St,Limited Service Restaurants
China Orchid Restaurant,702 04 S Carrollton Ave,Full Service Restaurants
Mick's Irish Pub,4801 Bienville St,Bar
Avenue Cafe,1907 Saint Charles Ave,Full Service Restaurants
Dillard University - Sodexo Food Ser,2601 Gentilly Blvd,Full Service Restaurants
Ole Saint Kitchen And Tap,132 Royal St,Full Service Restaurants
Grand Isle Partners,575 Convention Center Blvd,Full Service Restaurants
Carrollton Booster Club,8321 Forshey St,Bar
Funky 544,544 Bourbon St,Bar
Leni's Cafe,741 Baronne St,Full Service Restaurants
Crescent Crown,5900 Almonaster St,Alcoholic Beverage Wholesalers
Rosewood,2706 Saint Claude Ave,Bar
Swirl,3141 3143 Ponce De Leon St,"Beer, Wine & Liquor Stores"
Tastee # 77,901-903 Harrison Ave,Full Service Restaurants
Brieux Carre Brewing Co,2115 Decautur St,Breweries
New Orleans Hamburger & Seafood Company,4141 Saint Charles Ave,Full Service Restaurants
Atchafalaya,901-903 Louisiana Ave,Full Service Restaurants
Mr. Ed's Oyster Bar & Fish House,301 N. Carrollton Ave,Full Service Restaurants
Mid City Yacht Club,438-440 S Saint Patrick St,Bar
El Gato Negro Ii,300 Harrison Ave,Full Service Restaurants
Vodanovich Monkey Hill Bar,6100-02 Magazine St,Bar
Generation's Hall,310 Andrew Higgins St,Bar
Riteway Soul Food,3044 Gentilly Blvd,Limited Service Restaurants
Wine Seller,5000 Prytania St,"Beer, Wine & Liquor Stores"
Adams Food Store #3,3001 Bienville St,Convenience Stores
Southern Yacht Club,105 N Roadway Dr,Civic & Social Organizations
New Orleans Hamburger & Seafood Co.,541 Decatur St,Full Service Restaurants
Heard Kitchen,2520 Felicity St,Full Service Restaurants
The Everything Shoppe,444 Canal St,"Beer, Wine & Liquor Stores"
Neyow's Creole Cafe,3332-30 Bienville Ave,Full Service Restaurants
J C Deli,65 French Market Pl,Convenience Stores
Willie's Chicken Shack,428 Canal St,Full Service Restaurants
Royal House Restaurant,441 Royal St,Full Service Restaurants
Creole Queen,Poydras St,Bar
Ancora Pizzeria,4508 Freret St,Full Service Restaurants
Louisiana Pizza Kitchen,95 French Market Pl,Full Service Restaurants
English Turn Club Holding,1 Clubhouse Dr,Full Service Restaurants
El Rinconcito,216/218 N Carrollton Ave,Full Service Restaurants
Debbie Does Doberge,1179 Annunciation St,Full Service Restaurants
King Supermarket,1135 Saint Bernard Ave,Grocery Stores
Court Liquors,618-620 Bourbon St,Convenience Stores
Apre's Lounge,610 Fulton St,Bar
Ilys' Bistro,2128 Saint Claude Ave,Full Service Restaurants
Tacos & Beer,1622-26 Saint Charles Ave,Full Service Restaurants
Easy Seafood,13243 Chef Menteur Hwy,Limited Service Restaurants
Lillie's Package Liquor,2439 Saint Ann St,"Beer, Wine & Liquor Stores"
Jackson Square Cafe Pontalba,546 Saint Peter St,Full Service Restaurants
Daiquiri Place,3707 General De Gaulle Dr,Bar
Cafe' Navarre,800 Navarre Ave,Limited Service Restaurants
Legacy Kitchen,700-B Tchoupitoulas St,Full Service Restaurants
Cosimo's,1201 Burgundy St,Bar
Empire Express,4301 Louisa Drive,Gasoline Stations With Convenience Stores
Avo,5908 Magazine St,Full Service Restaurants
Steamer Natchez  N O Steamboat Co,Toulouse St,"Scenic & Sightseeing Trans, Water"
Le Pavillon Hotel  Restaurant,14185 Dallas Pkwy,Full Service Restaurants
New Orleans Hamburger & Seafood Co.,12000 I-10 Service Rd,Full Service Restaurants
Vacherie,827 1/2 Toulouse St,Full Service Restaurants
Spectrum Catering,801 N Rampart St,Bar
Captain Sal's Seafood & Chicken,3168 Saint Claude Ave,Convenience Stores
Jakel's Back Street Lounge,2613-15 Jasmine St,Bar
Daisy Dukes Cafe,308 Saint Charles Ave,Full Service Restaurants
The Goat,1301-03 St Bernard Ave,Bar
Starlight Lounge,817 St. Louis Street,Bar
Voodoo Bbq & Grill,1501 St. Charles Ave,Full Service Restaurants
Mr. Ed's Oyster Bar & Fish House,512 Bienville St,Full Service Restaurants
The Orleans Grapevine,720 Orleans Ave,Full Service Restaurants
Picayune Social House,326 Camp Street,Full Service Restaurants
The Treme Hideaway,1236 N Claiborne Ave,Bar
Bourbon Street Drinkery,217 Bourbon  St,Bar
Read Seafood,7340 Read Blvd,Convenience Stores
Lula Restaurant Distillery,1532 Saint Charles Ave,Full Service Restaurants
Lula Restaurant Distillery,1532 St.Charles Ave,Alcoholic Beverage Wholesalers
Smiley's Grill,3716A Downman Rd,Limited Service Restaurants
Hunk Oasis,226-228 Bourbon St,Bar
Jazz,2410 Conti St,Bar
Artisan Cafe,2514 Saint Claude Ave,Full Service Restaurants
Chuck E Cheese's,3701 General De Gaulle Dr,Full Service Restaurants
Crimson Mgmt,1200 Canal Street,Bar
Ariaane,634 Julia St,Full Service Restaurants
Ikura Hibachi & Sushi,310 N Carrollton Ave,Full Service Restaurants
Le's Baguette,4607 Dryades St,Full Service Restaurants
Haifa Restaurant,4740 Canal Street,Full Service Restaurants
Felipe's Taqueria French Quarter,301 N Peters St,Bar
Neyow's Creole  Cafe,3332-30 Bienville St,Caterers
New Orleans Food Co-Op,2372 St. Claude Avenue,"Grocery & Related Prdcts Whlsrs, Oth"
Brennan's,550 Bienville St,Full Service Restaurants
Bayou Bistro,3340 Bienville St,Full Service Restaurants
American Duchess,880 Port Of New Orleans Pl,Bar
Country Flame Mayra,620 Iberville St,Full Service Restaurants
Saba,5757 Magazine St,Full Service Restaurants
American Queen,880 Port Of New Orleans Pl,Bar
Palate New Orleans,8220 Willow St,Caterers
Ruth's Chris Steak House,228 Poydras St,Full Service Restaurants
Revolution,1840 Thalia St,Bar
Omni Royal Orleans Hotel,621 St Louis St,Full Service Restaurants
Dat Dogs,601 Frenchmen St,Full Service Restaurants
The Pelican Lounge,2021 Foucher St,Bar
Tsunami,601  Poydras St,Full Service Restaurants
New Orleans Event & Film Studios,1209 Annunciation St,Reception Hall
Felix's Restaurant & Oyster Bar,739 Iberville St,Full Service Restaurants
"Wayward Owl Brewing Company, Llc",3940 Thalia St,Breweries
Visions,4000 Downman Rd,Bar
Danny Food Store,2101 Elysian Fields Ave,Grocery Stores
Mule's Restaurant & Bar,1701 Laharpe St,Bar
Riccobono's Panola St Cafe,7801 Panola St,Full Service Restaurants
Mondo,900 Harrison Ave,Full Service Restaurants
Ly's Supermarket,14401 Peltier Dr,Convenience Stores
Igor's Buddha Belly Bar Grill,4437 Magazine St,Full Service Restaurants
First & Last Stop Bar,1843 Pauger St,Bar
Don's Food  Mart,1730 Eagle St,Convenience Stores
Homedale Inn,618 Homedale St,Bar
Hilton Garden Inn French Quarter/Cbd,821 Gravier St,Hotels & Motels
Autocrat Social Club,1725 St Bernard Ave,Civic & Social Organizations
New Orleans Marriott At The Convention Center,859  Convention Center Blvd,Caterers
Mais Arepas,1200 Carondelet St,Full Service Restaurants
Embassy Suites Convention Center,315 Julia St,Full Service Restaurants
We Live,5741 Crowder Blvd,Full Service Restaurants
Jimmy J's Cafe,115 Chartres St,Full Service Restaurants
Gabrielle Restaurant,2441 Orleans Ave,Full Service Restaurants
Lillie's Bar & Breakfast,740 N Broad St,Full Service Restaurants
Mother's Restaurant,401 Poydras St,Full Service Restaurants
Triangle Deli,1904 N Broad St,Gasoline Stations With Convenience Stores
Centerplate,1501 Girod St,Full Service Restaurants
Pier 424 Seafood Market Restaurant,424 Bourbon St,Full Service Restaurants
St Charles 155,2139 St Charles Ave,Convenience Stores
Rampart Food Store,1700 N Rampart St,Convenience Stores
Acme Oyster House,724 Iberville St,Full Service Restaurants
Corner Oyster House,500 St Peter St,Full Service Restaurants
Omni Royal Crescent Hotel (The),535 Gravier St,Misc Store Rtlers (Ex Tobac)
Pat Obriens Bar,600 Decatur St,Full Service Restaurants
Brooks' Seahorse Saloon,1648 Gentilly Blvd,Bar
Royal Sonesta Hotel,300 Bourbon St,Full Service Restaurants
Mystic Vine,2500 St Louis St,Alcoholic Beverage Wholesalers
Cvs Pharmacy #2728,620 Decatur St,Pharmacies & Drug Stores
The Crazy Lobster Bar & Grill,1 Poydras St,Full Service Restaurants
Lyve Nite Club,3940 Tulane Ave,Bar
Rick's Sporting Saloon,522 Bourbon St,Bar
New Orleans Creole Cookery,508  Toulouse St,Full Service Restaurants
Nopsi Hotel,317 Baronne St,Hotels & Motels
Day & Night Discount #2,10422 Chef Menteur Hwy,Gasoline Stations With Convenience Stores
Brown Derby,755 N Claiborne Ave,Grocery Stores
Daiquiris & Company,6301 Elysian Fields Ave,Bar
Viet Orleans Bistro,300 Baronne St,Full Service Restaurants
Another Level,1901 N Claiborne Ave,Bar
Magnolia Discount,3415 S Carrollton Ave,Gasoline Stations With Convenience Stores
Colie's Candle Light Lounge,925 N Robertson St,Bar
Frady's One Stop Food Store,3231 Dauphine St,Convenience Stores
Columns Hotel,3811 St Charles Ave,Full Service Restaurants
Red's Chinese,3048 St Claude Ave,Full Service Restaurants
Royal Frenchman Hotel & Bar Llc,700 Frenchmen St,Bar
Kermits Treme Mother In Law Lounge,1500 N Claiborne Ave,Bar
Cvs/ Pharmacy #10058,1116 Louisiana Ave,Pharmacies & Drug Stores
Mardi Gras Lounge,1901 Elysian Fields Ave,Bar
Rick's Cabaret,315 Bourbon St,Bar
The Palms Bar And Grill,7130 Freret St,Bar
N7,1117 Montegut St,Bar
Hotel Indigo- Bar And Garage,2203 St Charles Ave,Bar
Delmonico Restaurant,1300 St Charles Ave,Full Service Restaurants
The Ruby Slipper Cafe,2802 Magazine St,Full Service Restaurants
Craft Beer Cellar,2801 Magazine St,"Beer, Wine & Liquor Stores"
Mosquito Supper Club,3824 Dryades St,Full Service Restaurants
"Red Gravy, Llc",125 Camp St,Full Service Restaurants
Jokers Wyld & Mickeys Playhouse Llc,1931 Orleans Ave,Bar
The Napoleon House  Bar & Rest,500 Chartres St,Full Service Restaurants
Dick & Jenny's,4501 Tchoupitoulas St,Full Service Restaurants
Aloft New Orleans Downtown,225 Baronne St,Hotels & Motels
Lot 1701 Llc,1701 Oretha Castle Haley Blvd,Flea Market
City Wholesale Liquour  Co,4340 Washington Ave,Alcoholic Beverage Wholesalers
Krazy Korner,640 Bourbon St,Bar
Roux Carre,2000 Oretha Castle Haley Blvd,Full Service Restaurants
Singleton Mini Mart,7446 Garfield St,Convenience Stores
Family Discount Store,1935 Louisiana Ave,Convenience Stores
Ralph Brennan's Courtyard Cafe,1 Collins Diboll Cir,Full Service Restaurants
Ck's  Hot Shoppe,1433 Baronne St,Grocery Stores
Toulouse House,605 Dauphine St,Convenience Stores
Domenica,123 Baronne St,Full Service Restaurants
Lake Terrace Crossing,1600 Robert E Lee Blvd,Gasoline Stations With Convenience Stores
Cava,789 Harrison Ave,Full Service Restaurants
Rouses Market #30,701 Royal St,Grocery Stores
Big Daddy's,508 Bourbon St,Bar
Cane & Table,1113 Decatur St,Full Service Restaurants
Mena's Palace,200 Chartres St,Full Service Restaurants
Liuzza's By The Track,1518 N Lopez St,Full Service Restaurants
Daiquiri Lounge,4201 Washington Ave,Bar
Drury Inn & Suites - New Orleans,820 Poydras St,Bar
Pj's Coffee,1515 Poydras St,Full Service Restaurants
Fairgrounds Race Course,1751 Gentilly Blvd,Full Service Restaurants
Cafe Fleur De Lis,307 Chartres St,Full Service Restaurants
Landry's Seafood House,620 Decatur St,Full Service Restaurants
Pascal's Manale Restaurant,1838 Napoleon Ave,Full Service Restaurants
The Old Coffee Pot Restaurant,714 St Peter St,Full Service Restaurants
Landry's Seafood House,8000 Lakeshore Dr,Full Service Restaurants
Le Citron Bistro,1539 Religious St,Full Service Restaurants
Lakeview Grocery,801 Harrison Ave,Grocery Stores
No Marriott At The Convention Center-[Rest],859 Convention Center Blvd,Full Service Restaurants
Matt's Grocery,4655 Michoud Blvd,Convenience Stores
Keife & Co,801 Howard Ave,"Beer, Wine & Liquor Stores"
Walgreens #02262,1100 Elysian Fields Ave,Pharmacies & Drug Stores
Pigeon Town Food Mart,8601 Hickory St,Grocery Stores
Bubba Gump Shrimp Co Rest & Mkt - Lic Dept,429 Decatur St,Full Service Restaurants
Sam's Meat Market,8426 I 10 E Service Rd,Meat Markets
Empire State Delicatessen,701 Poydras St,Limited Service Restaurants
Jockey's Pub & Sports Bar,1841 Gentilly Blvd,Bar
Project Food Store #2,2238 Martin Luther King Jr Blvd,Convenience Stores
Zara's Lil Giant Supermarket,4838 Prytania St,Convenience Stores
Algiers Central Market,840 Teche St,Grocery Stores
30 90,520 Frenchmen St,Full Service Restaurants
Winn Dixie  #1430,5400 Tchoupitoulas St,Grocery Stores
The Howlin' Wolf,907 S Peters St,Bar
Banks Meat Market,325 S Broad St,Meat Markets
Marche,914 N Peters St,Full Service Restaurants
Dixie Market,501 Canal St,Convenience Stores
Commanders Palace Inc,1403 Washington Ave,Full Service Restaurants
Save A Lot - #464-4744,9999 Lake Forest Blvd,Grocery Stores
Verret's Lounge,1738 Washington Ave,Bar
Sweet Lorraine's Jazz Club,1931 St Claude Ave,Bar
The Hangover Bar,2101 N Claiborne Ave,Bar
Superior Seafood,4338 St Charles Ave,Full Service Restaurants
Golden Wall Restaurant,914 Canal St,Full Service Restaurants
Tapp's Ii,2800 S Rocheblave St,Bar
Supermercado Las Acacias,4929 Freret St,Convenience Stores
Fulton Alley,600 Fulton St,Full Service Restaurants
Diamond Billiard Club,4646 Michoud Blvd,Bar
The Rampart Room At Walk-On's,1009 Poydras St,Full Service Restaurants
Palm Court Jazz Cafe,1204 Decatur St,Full Service Restaurants
Muriel's,801 Chartres St,Full Service Restaurants
Hayne Supermarket,6318 Hayne Blvd,Grocery Stores
Fahy's Irish Pub,540 Burgundy St,Bar
Dos Jefes Bar,5535 Tchoupitoulas St,Bar
Bistro Daisy,5831 Magazine St,Full Service Restaurants
K & T Food Store,3204 Tulane Ave,Convenience Stores
La Mansion Restaurant,724 Dublin St,Full Service Restaurants
Newton Corner Mart,1600 Newton St,Grocery Stores
St. Claude Internet Cafe Llc,6001 St Claude Ave,Full Service Restaurants
The Willow,8200 Willow St,Bar
The Fresh Market,3338 St Charles Ave,Specialty Food Stores
Canal Street Bistro,3903 Canal St,Full Service Restaurants
Satchmo's,411 Bourbon St,Bar
Cafe Reconcile,1631 Oretha Castle Haley Blvd,Full Service Restaurants
Doubletree New Orleans,300 Canal St,"Gift, Novelty & Souvenir Stores"
Seal's Class Act,2169 Aubry St,Bar
Ba Mien Restaurant,13235 Chef Menteur Hwy,Full Service Restaurants
Discount City,2013 S Claiborne Ave,Convenience Stores
Sukhothai,2200 Royal St,Full Service Restaurants
St Roch Seafood Kitchen #2,4039 Louisa St,Full Service Restaurants
Vessel,3835 Iberville St,Full Service Restaurants
Reserve 81,8118 Oak St,Bar
St Joe's,5535 Magazine St,Bar
1415 Creole Gardens,1415 Prytania St,Full Service Restaurants
Vieux Carre Wines & Spirits,422 Chartres St,Bar
The Blue Crab Restaurant & Oyster Bar,7900 Lakeshore Dr,Full Service Restaurants
Fresco,7625 Maple St,Full Service Restaurants
Good Friends Bar,740 Dauphine St,Bar
Mannino's P & M Texaco Service,1139 N Rampart St,Gasoline Stations With Convenience Stores
Dixie Chicken & Ribs,6264 Argonne Blvd,Full Service Restaurants
Hilton New Orleans Riverside,2 Poydras St,Hotels & Motels
Four Points By Sheraton French Quarter,541 Bourbon St,Full Service Restaurants
Pere Antoine Restaurant,741 Royal St,Full Service Restaurants
Tastee #21,2549 Esplanade Ave,Baked Goods Stores
Marie's Bar,2483 Burgundy St,Bar
Walgreens  #15199,5518 Magazine St,Pharmacies & Drug Stores
Mayfair Lounge,1505 Amelia St,Bar
Uptown Supermarket,1940 Dante St,Grocery Stores
The Fud Bar,1522 Robert E Lee Blvd,Full Service Restaurants
Wagners,3200 St Claude Ave,Grocery Stores
Orleans Discount,2835 Orleans Ave,Convenience Stores
A & J's Mart,5163 General De Gaulle Dr,Convenience Stores
Cooter Brown S Inc,509 S Carrollton Ave,Bar
The Quisby,1225 St Charles Ave,Hotels & Motels
The Golden Lantern,1239 Royal St,Bar
La Food,5200 Crowder Blvd,Convenience Stores
Panchita's,1434 S Carrollton Ave,Full Service Restaurants
Cajun Seafood,2730 S Broad St,Fish & Seafood Markets
Olympia Food Store Inc,301 S Olympia St,Grocery Stores
Applebee's #9077,4005 General De Gaulle Dr,Full Service Restaurants
Mangomango - Ab               Mango Daiquiri,400 Bourbon St,Bar
Central Grocery Co.,923 Decatur St,Convenience Stores
Cowbell,1200 Eagle St,Full Service Restaurants
Soniat House,1133 Chartres St,Full Service Restaurants
Birdies On Broad,1233 N Broad St,Gasoline Stations With Convenience Stores
Sweet Things & Grill/Italian Pie,3301 General De Gaulle Dr,Full Service Restaurants
Vyoone's,412 Girod St,Full Service Restaurants
Ed's Bar,4333 Thalia St,Bar
Port Orleans Brewing Company,4124 Tchoupitoulas St,Breweries
Cure,4905 Freret St,Bar
Eastover Market,7050 Bullard Ave,Grocery Stores
Bourbon Oh!,717 Orleans Ave,Bar
Old Absinthe House,240 Bourbon St,Bar
Maison Bourbon Jazz Club,641 Bourbon St,Bar
Mayas,2027 Magazine St,Full Service Restaurants
New Orleans Original Daiquiris,633 Bourbon St,Bar
Cvs Pharmacy #3730,3700 S Carrollton Ave,Pharmacies & Drug Stores
Live Oak Cafe,8140 Oak St,Full Service Restaurants
Carnival Club,2401 Elysian Fields Ave,Bar
Mahony's Po-Boy Shop,3454 Magazine St,Full Service Restaurants
Nesbits Julia St Market,333 Julia St,Convenience Stores
Courtyard By Marriott,300 Julia St,Full Service Restaurants
Galatoire's Restaurant,209 Bourbon St,Full Service Restaurants
Arnaud's Restaurant,813 Bienville St,Full Service Restaurants
El Gato Negro Restaurante Mexicano,81 French Market Pl,Full Service Restaurants
Bourbon House,144 Bourbon St,Full Service Restaurants
Double Play,439 Dauphine St,Bar
Elysian Fields Shell,6300 Elysian Fields Ave,Convenience Stores
Southshore Grill,7929 Downman Rd,Full Service Restaurants
Mama's Cooking,2722 N Tonti St,Convenience Stores
Okay Bar,1700 Port St,Full Service Restaurants
The Coyote Ugly Saloon,225 N Peters St,Bar
Little Tropical Isle,435 Bourbon St,Bar
Breaux Mart Supermarkets,3233 Magazine St,Grocery Stores
Cafe Reconcile Catering,1627 Oretha Castle Haley Blvd,Reception Hall
Ace Hotel,630 Carondelet St,Full Service Restaurants
The Eiffel Society,2040 St Charles Ave,Full Service Restaurants
"Arnaud's French ""75"" Bar",815 Bienville St,Bar
Save A Lot - 463-4743,4726 Paris Ave,Grocery Stores
Brother Food Mart No. 136,3622 General De Gaulle Dr,Convenience Stores
Garden District Pub,1916 Magazine St,Bar
Reginelli's Pizzeria,874 Harrison Ave,Full Service Restaurants
Erin Rose,811 Conti St,Bar
Willie's Chicken Shack,630 Bourbon St,Bar
Le Richelieu Corp,1234 Chartres St,Full Service Restaurants
Original French Mkt Rest & Bar,1001 Decatur St,Full Service Restaurants
Brown Derby Superstore,3402 Tulane Ave,Gasoline Stations With Convenience Stores
The Ruby Slipper Cafe,2001 Burgundy St,Full Service Restaurants
Suis Generis,3219 Burgundy St,Full Service Restaurants
Fast Stop,7200 Downman Rd,Convenience Stores
Louisiana Meat Market,2136 Louisiana Ave,Convenience Stores
Canseco's Elysian Fields,5217 Elysian Fields Ave,Grocery Stores
Calogero's,608 Iberville St,Bar
Saint Lawrence,219 N Peters St,Full Service Restaurants
Bourbon Pub & Parade Disco,801 Bourbon St,Bar
G W Fins,808 Bienville St,Full Service Restaurants
Brigtsen's,723 Dante St,Full Service Restaurants
Gautreau's,1728 Soniat St,Full Service Restaurants
Lb Saints Food Store,2601 N Villere St,Convenience Stores
Arabella Casa Di Pasta,2258 St Claude Ave,Full Service Restaurants
Paradise Game Room,2101 Paris Rd,Bar
Richard's Food Store,2001 N Rocheblave St,Convenience Stores
Algiers Sports Bar,4801 General Meyer Ave,Bar
Pigeon Catering,535 S Clark St,Caterers
Luvi,5236 Tchoupitoulas St,Full Service Restaurants
Hobnobber Variety Bar & Rest,139 Carondelet St,Full Service Restaurants
Dooky Chase Resturant,2301 Orleans Ave,Full Service Restaurants
Red Zone I,2025 St Charles Ave,Grocery Stores
Aunt Tiki's Hideout,1207 Decatur St,Bar
Rosedale,801 Rosedale Dr,Full Service Restaurants
Sterling Xpress #2,9201 Airline Hwy,Gasoline Stations With Convenience Stores
Trop Isle's Orig Papa Joe's   Lounge,610 Bourbon St,Bar
Sweet Things & Grill  On Conti Street,806 Conti St,Full Service Restaurants
Oceana Grill,739 Conti St,Full Service Restaurants
Peche Seafood Grill,800 Magazine St,Full Service Restaurants
Franklin Fuel,1100 Franklin Ave,Gasoline Stations With Convenience Stores
Gb's Patio Bar & Grill,8117 Maple St,Full Service Restaurants
Big Easy,2201 Canal St,Gasoline Stations With Convenience Stores
La Casita Taqueria Restaurant,8402 Oak St,Full Service Restaurants
Tipitina's,501 Napoleon Ave,Bar
Chris Owens,500 Bourbon St,Bar
Hustler's Barely Legal,423 Bourbon St,Bar
The Vintage,3121 Magazine St,Full Service Restaurants
Flambo Burgers-Bar,1101 Decatur St,Full Service Restaurants
Fleur De Lis New Orleans,4846 Magazine St,Caterers
Landmark French Quarter Hotel,920 N Rampart St,Parking Lots & Garages
Lower D Sports Saloon,1200 Decatur St,Full Service Restaurants
Rainbow Grocery,4837 Magazine St,Grocery Stores
New Orleans Athletic Club,222 N Rampart St,Fitness & Recreational Sports Ctrs
Reginelli's Pizzeria,5961 Magazine St,Full Service Restaurants
Royal Sushi & Bar,1913 Royal St,Full Service Restaurants
Uptown Food Market,2001 Seventh St,Grocery Stores
Treo,3835 Tulane Ave,Bar
Felipe's Taqueria,411 N Carrollton Ave,Full Service Restaurants
Tableau,616 St Peter St,Full Service Restaurants
May Baileys,415 Dauphine St,Bar
The High Hat Restaurant,4500 Freret St,Full Service Restaurants
Hyatt House New Orleans Downtown,1250 Poydras St,Hotels & Motels
Windsor Court Hotel,300 Gravier St,Full Service Restaurants
Basin Lounge,152 W Harrison Ave,Bar
Key Food Store,2600 Louisiana Ave,Convenience Stores
Johnny's Po-Boy Restaurant,511 St Louis St,Limited Service Restaurants
Handy Discount,4101 Jumonville St,Grocery Stores
Another Broken Egg Cafe,2917 Magazine St,Full Service Restaurants
Hank's Seafood & Supermarket,2634 St Claude Ave,Convenience Stores
Pearl,3700 Orleans Ave,"Beer, Wine & Liquor Stores"
Jack & Jake's Public Market- Bar 38,1307 Oretha Castle Haley Blvd,Full Service Restaurants
Walgreens #04305,900 Canal St,Pharmacies & Drug Stores
N'awlins Goods,901 Convention Center Blvd,Convenience Stores
Cajun King Seafood,2514 Bayou Rd,Full Service Restaurants
Central City Grocery #3,2611 Washington Ave,Convenience Stores
Sidney's Wine Cellar,917 Decatur St,Grocery Stores
Homewood Suites By Hilton New Orleans French Quart,317 N Rampart St,Bar
Canal Shell,4701 Canal St,Gasoline Stations With Convenience Stores
Lucky's Lounge,1625 St Charles Ave,Bar
Mangomango - Be,201 Bourbon St,Limited Service Restaurants
Bar Culture,4033 Tulane Ave,Bar
Fuel N Mart,4140 S Claiborne Ave,Gasoline Stations With Convenience Stores
Paraiso Grocery,3128 Banks St,Grocery Stores
801 Royal,801 Royal St,Full Service Restaurants
Coop's Place,1109 Decatur St,Full Service Restaurants
Don Villavaso,5931 Bullard Ave,Full Service Restaurants
Margie's Lounge,3138 Broadway St,Bar
Twins Stop,8600 Chef Menteur Hwy,Bar
Mandina's,3800 Canal St,Full Service Restaurants
The Jung Hotel & Residences,1500 Canal St,Bar
Brenda Mac's Place,819 St Louis St,Bar
Lakeview Harbor,8550 Pontchartrain Blvd,Full Service Restaurants
H G New Orleans Convention Center,1001 S Peters St,Bar
West Harrison Deli & Market,206 W Harrison Ave,Grocery Stores
Club Good Times,2901 Conti St,Bar
The Backyard,244 W Harrison Ave,Full Service Restaurants
Bailey's Place,1929 N Dorgenois St,Bar
V & T Food Store,913 N Claiborne Ave,Grocery Stores
Johhny White's Pub & Grill,718 Bourbon St,Full Service Restaurants
Deja Vu,400 Dauphine St,Full Service Restaurants
Food Plus,6232 Chef Menteur Hwy,Grocery Stores
T J Quill's,7600 Maple St,Bar
Half Moon Bar & Grill,1125 St Mary St,Bar
Catty Car Corner,1340 Poydras St,Full Service Restaurants
Spotted Cat Food & Spirits,2372 St Claude Ave,Full Service Restaurants
Jack Meat Market,2279 N Derbigny St,Convenience Stores
Tommy's Cusine,746 Tchoupitoulas St,Full Service Restaurants
La Grand Cafe/Subway,1001 Loyola Ave,Full Service Restaurants
Brothers Food Mart No 127,7001 Bullard Ave,Convenience Stores
Hyatt Regency New Orleans,601 Loyola Ave,Full Service Restaurants
Center Plate,945 Magazine St,Food Service Contractors
New Image Market,1216 Bienville St,Convenience Stores
Cvs  Pharmacy # 8266,2585 Leon C Simon Dr,Pharmacies & Drug Stores
Shank Charcuterie,2352 St Claude Ave,Meat Markets
Willie's Chicken Shack,707 Canal St,Full Service Restaurants
Funky Pirate,727 Bourbon St,Bar
Broadview Seafood,1468 N Broad St,Fish & Seafood Markets
North Broad Supermarket,1901 N Broad St,Grocery Stores
Iggy's Bar,1943 N Rampart St,Bar
Loews New Orleans Hotel Corp,300 Poydras St,Bar
Costco Wholesale 1147,3900 Dublin St,Specialty Food Stores
Robert Fresh Market #124,8115 S Claiborne Ave,Grocery Stores
Crescent City Restaurant,1001 N Broad St,Full Service Restaurants
Bb King's Blues Club,1104 Decatur St,Bar
Siberia,2227 St Claude Ave,Bar
Henry Howard Hotel,2041  Prytania St,Hotels & Motels
Two Chicks Cafe,901 Convention Center Blvd,Full Service Restaurants
Gloria's Grocery,1800 Conti St,Convenience Stores
Circle K #2707672,704 Howard Ave,Convenience Stores
Frank's Restaurant,933 Decatur St,Full Service Restaurants
Saffron Nola,4128 Magazine St,Full Service Restaurants
La Boca Restaurant,870 Tchoupitoulas St,Full Service Restaurants
Grandpre's,834 N Rampart St,Bar
Baru Bistro & Tapas,3700 Magazine St,Full Service Restaurants
Larry Flynts Hustler Club,225 Bourbon St,Full Service Restaurants
Mr Chills First Class Hot Dogs,575 S Carrollton Ave,Full Service Restaurants
Seed,1330 Prytania St,Full Service Restaurants
Palace Cafe,605 Canal St,Full Service Restaurants
Finnegan's Way,717 St Peter St,Full Service Restaurants
Astor Crown Plaza New Orleans Attn: Dir. Of Fin.,739 Canal St,Hotels & Motels
The New Feelings Marigny Cafe & Bar,2600 Chartres St,Full Service Restaurants
J & K Bar,3700 General Meyer Ave,Bar
Houston's Restaurant,1755 St Charles Ave,Full Service Restaurants
Claire's Pour House,233 Decatur St,Bar
Elio's Wine Warehouse,6205 S Miro St,"Beer, Wine & Liquor Stores"
Fountain Of Youth Lounge Ii,3129 St Roch Ave,Bar
Igor's Lounge And Game Room,2133 St Charles Ave,Bar
Basin Supermarket,237 Basin St,Convenience Stores
Slice Pizzeria,5538 Magazine St,Full Service Restaurants
Omni Riverfront Hotel,701 Convention Center Blvd,Full Service Restaurants
The Spotted Cat Music Club,623 Frenchmen St,Bar
Viet My Supermarket,4656 Alcee Fortier Blvd,Convenience Stores
Jester-Gateway Mardi Gras,200 Bourbon St,Bar
Kwik Pik,11040 Morrison Rd,Convenience Stores
Le Croissant Cafe,8100 St Charles Ave,Limited Service Restaurants
Bayou Wine Garden,315 N Rendon St,Bar
Stiletto's/Fais Deaux Deaux,325 Bourbon St,Bar
Goldmine Saloon,705 Dauphine St,Bar
Beachcorner Lounge,4905 Canal St,Bar
Milan Lounge,1312 Milan St,Bar
Adolfo's,611 Frenchmen St,Full Service Restaurants
Franklin Discount,6100 Franklin Ave,Grocery Stores
Juans Flying Burrito,4724 S Carrollton Ave,Full Service Restaurants
Willie's Chicken Shack,301 Decatur St,Full Service Restaurants
Our Bar,139 Chartres St,Bar
Uptown Deli,2013 S Claiborne Ave,Full Service Restaurants
Spirits On Bourbon,615 Bourbon St,Bar
Wolf Pub,6363 St Charles Ave,Bar
River Bar,500 Port Of New Orleans Pl,Bar
Club Caribbean,2441 Bayou Rd,Bar
Canseco's Esplanade Market,3135 Esplanade Ave,Grocery Stores
K-Paul's  Louisiana Kitchen,416 Chartres St,Full Service Restaurants
Rouses Market #29(Carrollton),400 N Carrollton Ave,Grocery Stores
Magnolia Discount,3054 General De Gaulle Dr,Gasoline Stations With Convenience Stores
New Orleans Museum Of Art,1 Collins Diboll Cir,Full Service Restaurants
Pizza Delicious,617 Piety St,Full Service Restaurants
Cat's Meow,701 Bourbon St,Bar
Chef Chevron,13301 Chef Menteur Hwy,Convenience Stores
Mimi's In The Marigny,2601 Royal St,Bar
Salon By Sucre',622 Conti St,Full Service Restaurants
Gallier's Restaurant & Oyster Bar,129 Carondelet St,Full Service Restaurants
Sandwich Shop,645 S Pierce St,Convenience Stores
Crescent City Marketplace,2 Poydras St,Grocery Stores
Kingfish,339 Chartres St,Full Service Restaurants
Latrobe's On Royal,707 Conti St,Full Service Restaurants
Old Opera House,601 Bourbon St,Bar
St James Cheese Co,641 Tchoupitoulas St,Full Service Restaurants
Cafe Envie,1241 Decatur St,Full Service Restaurants
Rosys Jazz Hall,500 Valence St,Caterers
Taqueria Corona,5932 Magazine St,Bar
Roulaison Distilling Co,2727 S Broad St,Alcoholic Beverage Wholesalers
New Orleans Original Daiquiris,4450 Chef Menteur Hwy,Bar
University Of N O - Universitycenter Food Ser,2000 Lakeshore Dr,Food Service Contractors
Irish Bayou Truck Stop,3684 Ridgeway Blvd,Gasoline Stations With Convenience Stores
Verti Marte Inc,1201 Royal St,Convenience Stores
Republic Nola,828 S Peters St,Bar
Quickies Discount,1535 Franklin Ave,Convenience Stores
Avenue Pub,1732 St Charles Ave,Bar
Circle K #2707673,3725 S Carrollton Ave,Convenience Stores
Goldberg's Deli,925 Common St,Full Service Restaurants
Compac Food & General Store,730 St Louis St,Grocery Stores
Cbd Social,709 St Charles Ave,Full Service Restaurants
Favela Chic,525 Frenchmen St,Full Service Restaurants
Wal-Mart #5022 (Uptown),1901 Tchoupitoulas St,Department Stores
Frenchmen Hotel,417 Frenchmen St,Hotels & Motels
Adams Street Grocery,1309 Adams St,Convenience Stores
P & G Restaurant,345 Baronne St,Limited Service Restaurants
Walgreens #4451,4400 S Claiborne Ave,Pharmacies & Drug Stores
The Evangeline Lounge,4501 Toulouse St,Bar
Mags 940,940 Elysian Fields Ave,Bar
The Jaxson On The River,620 Decatur St,Full Service Restaurants
Belle's Diner,1120 Decatur St,Full Service Restaurants
Chef Market,14400 Chef Menteur Hwy,Convenience Stores
Pythian Market,234 Loyola Ave,Bar
Cafe Maspero,601 Decatur St,Full Service Restaurants
Sing Sing,418 Bourbon St,Bar
Cvs/ Pharmacy # 167,4401 S Claiborne Ave,Convenience Stores
Chiba,8312 Oak St,Full Service Restaurants
Casamento's Restaurant,4330 Magazine St,Full Service Restaurants
Paradise Truck Stop,2101 Paris Rd,Gasoline Stations With Convenience Stores
Broadway Bar,3005 Broadway St,Bar
The 59Th,5941 Bullard Ave,Full Service Restaurants
Fat Tuesday,500 Port Of New Orleans Pl,Bar
Big Easy Daiquiris & Fry Bar,216 Bourbon St,Bar
La Petite Grocery,4238 Magazine St,Full Service Restaurants
Mike's Food Mart,3935 St Claude Ave,Convenience Stores
Rendezvous,3101 Magazine St,Bar
Dat Dogs,5030 Freret St,Full Service Restaurants
Lucky's Lounge,8301 Chef Menteur Hwy,Bar
Henry's Uptown Bar,5101 Magazine St,Bar
Parkway Bakery & Tavern,538 Hagan Ave,Bar
Harrah's Poydras Hotel Restaurant & Bar,228 Poydras St,Full Service Restaurants
1000 Figs,3141 Ponce De Leon St,Full Service Restaurants
Rampart Fuel,447 N Rampart St,Gasoline Stations With Convenience Stores
Cuban Crafters Cigar Lounge,533 Toulouse St,Bar
Big Pie Pizza,407 Baronne St,Full Service Restaurants
Discount Corner,8733 S Claiborne Ave,Convenience Stores
Sheila's Fantasy,1300 Nunez St,Bar
Brothers Discount,2701 Martin Luther King Jr Blvd,Convenience Stores
Ice House Bar,1024 Chartres St,Bar
Crescent City Brewhouse,527 Decatur St,Full Service Restaurants
Cafe Beignet Iv,311 Bourbon St,Full Service Restaurants
Joel Catering & Special Events,1201 Convention Center Blvd,Caterers
Poeyfarre Market,925 Poeyfarre St,Convenience Stores
The Boot,1039 Broadway St,Bar
Broad Street Cider & Ale,2723 S Broad St,Alcoholic Beverage Wholesalers
Wayfare,4510 Freret St,Full Service Restaurants
Johnny White's Bar,733 St Peter St,Bar
Sneaky Pickle,4017 St Claude Ave,Full Service Restaurants
Nola Deli,2706 Royal St,Full Service Restaurants
Henry's House,10800 Hayne Blvd,Bar
Audubon Zoo,6500 Magazine St,Bar
River Fine Foods Store,1403 Patterson St,Convenience Stores
Courtyard New Orleans Downtown/Iberville,910 Iberville St,Bar
The Upperline Restaurant,1413 Upperline St,Full Service Restaurants
Santa Fe Restaurant,3201 Esplanade Ave,Full Service Restaurants
Natal's Supermarket,7342 Chef Menteur Hwy,Convenience Stores
Vaughans Lounge,800 Lesseps St,Bar
Johnny Sanchez,930 Poydras St,Full Service Restaurants
Bourbon Heat,711 Bourbon St,Bar
Magnolia Discount,1601 Elysian Fields Ave,Gasoline Stations With Convenience Stores
Civic Theatre,533 Baronne St,Bar
Cutter's,706 Franklin Ave,Bar
Restaurant Rebirth,857 Fulton St,Full Service Restaurants
M Langenstein & Sons Inc,1330 Arabella St,Full Service Restaurants
Apple Barrel,609 Frenchmen St,Bar
Chartres Bar,300 Chartres St,Bar
Theos Pizza,4218 Magazine St,Full Service Restaurants
Mollys Irish Bar,732 Toulouse St,Bar
Spur General Meyer,4901 General Meyer Ave,Gasoline Stations With Convenience Stores
Molly's At The Market,1107 Decatur St,Limited Service Restaurants
Purveyor Of Fine Wine Ltd,1040 Magazine St,Alcoholic Beverage Wholesalers
Big Easy Of St Louis,501 Bourbon St,Full Service Restaurants
Mona Lisa Restaurant,1212 Royal St,Full Service Restaurants
Tex Mart,6733 Chef Menteur Hwy,Convenience Stores
Cvs Pharmacy #10483,1600 Elysian Fields Ave,Pharmacies & Drug Stores
Mike Serio's Po Boys & Deli,133 St Charles Ave,Limited Service Restaurants
Crescent City Pizza Works,407 Bourbon St,Full Service Restaurants
Del Fuego Taqueria,4518 Magazine St,Full Service Restaurants
Manning's Restaurant,519 Fulton St,Caterers
Rouses Market #36(De Gaulle),4001 General De Gaulle Dr,Grocery Stores
Aeren's Supermarket,3911 Washington Ave,Grocery Stores
Jester Mardi Gras Daiquiris,401 Bourbon St,Full Service Restaurants
Little Korea Bbq,2240 Magazine St,Full Service Restaurants
Boston Club,824 Canal St,Other
Frankie & Johnny's,321 Arabella St,Full Service Restaurants
Jazz Daiquris & Lounge,3400 S Claiborne Ave,Bar
Bombay Club,830 Conti St,Bar
Turkey And The Wolf,739 Jackson Ave,Full Service Restaurants
Creole House Restaurant,509 Canal St,Full Service Restaurants
Bw Fiske,301 Dauphine St,Full Service Restaurants
Rouses Market #35(Gentilly),6600 Franklin Ave,Grocery Stores
Cajun Market,801 Convention Center Blvd,"Beer, Wine & Liquor Stores"
The Patio,1525 Elysian Fields Ave,Full Service Restaurants
The Company Burger,611 Okeefe Ave,Full Service Restaurants
Theresa's Sportman's Corner,2433 Dryades St,Bar
Super Serve,8023 S Claiborne Ave,Convenience Stores
Michael's Catering,937 Leonidas St,Full Service Restaurants
We Got It,3401 N Claiborne Ave,Convenience Stores
Esplanade Food Store,1400 Esplanade Ave,Pharmacies & Drug Stores
Russell's Marina Grill,8555 Pontchartrain Blvd,Full Service Restaurants
Lafitte Guest House,1003 Bourbon St,Bar
Stein's Market And Deli,2207 Magazine St,Misc Store Rtlers (Ex Tobac)
Other Place,3601 S Saratoga St,Bar
Crowder Center,5769 Crowder Blvd,Convenience Stores
Maple Leaf Bar,8316 Oak St,Bar
The Woodhouse Day Spa,4030 Canal St,Personal Services
Theos Pizza (Canal),4024 Canal St,Full Service Restaurants
Another Broken Egg Cafe,607 Harrison Ave,Full Service Restaurants
Vicky's Supermarket,4237 Magazine St,Convenience Stores
World Famous Gumbo Ya Ya Restaurant,600 Decatur St,Full Service Restaurants
Magnolia Supermarket # 3,4131 St Claude Ave,Convenience Stores
Dante' Kitchen,736 Dante St,Full Service Restaurants
Ocean Seafood & Restaurant,8009 Downman Rd,Full Service Restaurants
Port Of Call,838 Esplanade Ave,Full Service Restaurants
Thats Amore Pizzeria,1205 Saint Charles Ave,Full Service Restaurants
Pirogues,2565 Bayou Rd,Limited Service Restaurants
The Club Ms. Mae's,4336 Magazine St,Bar
Asuka Sushi & Hibachi,7912 Earhart Blvd,Full Service Restaurants
Neighborhood Food Mart,2101 Governor Nicholls St,Grocery Stores
Rawhide Lounge,740 Burgundy St,Bar
The Rum House,3128 Magazine St,Full Service Restaurants
St Roch Tavern,1200 St Roch Ave,Bar
Ye Olde College Inn,3000 S Carrollton Ave,Full Service Restaurants
Cajun Seafood 2,1901 Almonaster Ave,Convenience Stores
Razzoo,511 Bourbon St,Bar
Cvs/Pharmacy #05387,3621 General De Gaulle Dr,Pharmacies & Drug Stores
W French Quarter Hotel,316 Chartres St,Full Service Restaurants
Junction,3021 St Claude Ave,Bar
World Of Beer,324 Julia St,Bar
Canal Store #150,2701 Canal St,Gasoline Stations With Convenience Stores
N O Lawn Tennis Club,5353 Laurel St,Full Service Restaurants
Best West St Chris Hotel,114 Magazine St,Hotels & Motels
The Kingpin,1307 Lyons St,Bar
Cafe Fleur De Lis,91 French Market Pl,Full Service Restaurants
Voodoo Two,330 Carondelet St,Bar
Nola Discount Food Store,2204 L B Landry Ave,Convenience Stores
The New Terrace Lounge,1821 Newton St,Bar
Casa Borrega Restaurant,1719 Oretha Castle Haley Blvd,Full Service Restaurants
Cochon,930 Tchoupitoulas St,Full Service Restaurants
Sammy's Food Service,3000 Elysian Fields Ave,Meat Markets
The Bouligny Tavern,3641 Magazine St,Bar
Big Easy Of Wilkinson,617 Decatur St,Full Service Restaurants
Renaissance Pere Marquette,817 Common St,Full Service Restaurants
Bayou Secret/Mayhaw,2381 St Claude Ave,Full Service Restaurants
Harrison Cove In Lakeview Grocery,801 Harrison Ave,Full Service Restaurants
Second Line Brewing,433 N Bernadotte St,Breweries
Rusty's Poboy Seafood,4122 Washington Ave,Convenience Stores
Toups South,1504 Oretha Castle Haley Blvd,Full Service Restaurants
Jack & Jakes,1307 Oretha Castle Haley Blvd,Grocery Stores
Daisy Dukes,123 Carondelet St,Full Service Restaurants
Dat Dog,3336 Magazine St,Full Service Restaurants
Brother's St Claude,5104 St Claude Ave,Convenience Stores
Louisiana Super Saver,1641 Louisiana Ave,Grocery Stores
Cvs/Pharmacy #10538,5000 N Claiborne Ave,Pharmacies & Drug Stores
Food Art Inc,801 Carondelet St,Caterers
Le Bon Temp Roule,4801 Magazine St,Bar
The Upper Quarter,1000 Bienville St,Bar
Legacy Kitchen,817 Common St,Full Service Restaurants
Sohana Grocery,8900 Chef Menteur Hwy,Convenience Stores
East Side Cash & Carry Inc,7943 Chef Menteur Hwy,Convenience Stores
Ac Hotel New Orleans Bourbon/French Quarter Area,221 Carondelet St,Bar
Next Door Grocery,2733 Baronne St,Convenience Stores
Balise Restaurant,640 Carondelet St,Full Service Restaurants
Miyako Seafood & Steakhouse,1403 St Charles Ave,Full Service Restaurants
Orleans Center Market,2707 Orleans Ave,Convenience Stores
Queen & Crescent Hotel,344 Camp St,Hotels & Motels
Please-U-Restaurant,1751 St Charles Ave,Full Service Restaurants
45 Tchoup,4529 Tchoupitoulas St,Bar
Magnolia Wine Co,840 Canal St,"Beer, Wine & Liquor Stores"
Grit's Bar,530 Lyons St,Bar
Daiquiri Delights Shop Inc,300 Bourbon St,Bar
Twelve Mile Limit,500 S Telemachus St,Bar
The Pelican Club,615 Bienville St,Full Service Restaurants
Clancy's Restaurant,6100 Annunciation St,Full Service Restaurants
She She's,9000 Chef Menteur Hwy,Bar
Kerry Irish Pub,331 Decatur St,Bar
Terranova Bros Superette,3308 Esplanade Ave,Convenience Stores
Compac Food & General Store,730 St Louis St,Grocery Stores
Lakeview Mini Mart,207 W Harrison Ave,Convenience Stores
Venezia Restaurant,134 N Carrollton Ave,Full Service Restaurants
The John,2040 Burgundy St,Bar
Pontchartrain Park Golf Course,6514 Congress Dr,Golf Courses & Country Clubs
The Rusty Nail,1102 Constance St,Bar
Dickie Brennan's Steak House,716 Iberville St,Full Service Restaurants
Read Shell,7358 Read Blvd,Gasoline Stations With Convenience Stores
Cafe Amelie,912 Royal St,Full Service Restaurants
Flambeaux Smokehouse & Bbq,209 Decatur St,Full Service Restaurants
Sneaky Pete's,135 Chartres St,Bar
Gracious Bakery,2854 St Charles Ave,Full Service Restaurants
Mr Ed's Seafood & Oyster House,1327 St Charles Ave,Full Service Restaurants
Poor Boys,1328 Saint Bernard Ave,Bar
Krewe Du Bizou Wines,2500  St Louis St,Alcoholic Beverage Wholesalers
Lakewood Golf Club,4801 General De Gaulle Dr,Full Service Restaurants
Friendly Bar,2301 Chartres St,Bar
The Organic Banana,1100 N Peters St,Bar
Wasabi Sushi & Bar,900 Frenchmen St,Full Service Restaurants
Brown Derby #3,3326 Tulane Ave,Convenience Stores
Michoud Seafood & Deli,4952 Bullard Ave,Limited Service Restaurants
Busy Bee Food Store,2401 Orleans Ave,Convenience Stores
Court Of Two Sisters,613 Royal St,Full Service Restaurants
International Arts Fdn,3220 General De Gaulle Dr,Reception Hall
Sterling Xpress #3,3323 Tulane Ave,Gasoline Stations With Convenience Stores
Martin Wine Cellar,3827 Baronne St,Convenience Stores
Schiro's Super Food Store Inc,2483 Royal St,Full Service Restaurants
Gladys's Bar,1233 S Saratoga St,Bar
Cafe Lafitte In Exile,901 Bourbon St,Bar
Hotel Monteleone,214 Royal St,Full Service Restaurants
The Third Place,719 Toulouse St,Full Service Restaurants
Jackie's Touch Of Class Bar,919 N Claiborne Ave,Bar
B & S Food Store,842 Josephine St,Grocery Stores
Le Meridien New Orleans,333 Poydras St,Full Service Restaurants
Gabby's Rest & Lounge,6600 Morrison Rd,Full Service Restaurants
Crown And Anchor (The),200 Pelican Ave,Bar
Barcia's Grocery Inc,3633 Annunciation St,Convenience Stores
Black Penny,700 N Rampart St,Bar
Monty's On The Square,801 Decatur St,Full Service Restaurants
Creole Seafood,3911 Washington Ave,Full Service Restaurants
Chais Delachaise,7708 Maple St,Full Service Restaurants
Sodexo  -  Pan American,601 Poydras St,Limited Service Restaurants
Ralph's On The Park,900 City Park Ave,Full Service Restaurants
Roberts Bar & Liquor Store,3125 Calhoun St,Bar
Vic's Kangaroo Cafe,636 Tchoupitoulas St,Bar
New Orleans Original Daiquiris,3637 General De Gaulle Dr,Bar
Rouses Market #26(Uptown),4500 Tchoupitoulas St,Grocery Stores
Paris Avenue Superette,2025 Gentilly Blvd,Gasoline Stations With Convenience Stores
Liberty Cheesesteaks,2301 Soniat St,Full Service Restaurants
Irish Bayou Truck Stop & Casino,3684 Ridgeway Blvd,Bar
Jazz City,601 Canal St,"Beer, Wine & Liquor Stores"
Whole Foods Market,300 N Broad St,Grocery Stores
Fritzel's European Jazz Pub,733 Bourbon St,Bar
The Ruby Slipper Cafe,200 Magazine St,Full Service Restaurants
Nirvana Indian Cusine,4308 Magazine St,Full Service Restaurants
Winn Dixie #1426,3008 Holiday Dr,Grocery Stores
Walmart #3167(Gentilly),4301 Chef Menteur Hwy,General Merchandise Stores
Bacchanal,600  Poland Ave,Full Service Restaurants
Origami,5130 Freret St,Full Service Restaurants
Quarter Grocery & Deli,836 Burgundy St,Convenience Stores
Bratz Y'all!,617 Piety St,Full Service Restaurants
The Penthouse Club,727 Iberville St,Bar
Bullet's Sports Bar,2441 A P Tureaud Ave,Bar
Diamond Jubilee Casino,15202 Chef Menteur Hwy,Casinos (Exc Hotel Casinos)
Basin Seafood & Spirits,3222 Magazine St,Full Service Restaurants
Creole Superstore,623 Canal St,Convenience Stores
Jazmine Cafe,614 S Carrollton Ave,Full Service Restaurants
Harry's Corner,900 Chartres St,Bar
Golden Express,400 N Broad St,Grocery Stores
Brothers Food Mart  No 132,5701 Crowder Blvd,Convenience Stores
The Broad Theater,636 N Broad St,Motion Picture Theater
Katie's Restaurant & Bar,3701 Iberville St,Full Service Restaurants
Revel,133 N Carrollton Ave,Full Service Restaurants
Al's Bar,1333 S Saratoga St,Bar
Turtle Bay,1119 Decatur St,Bar
"The Roosevelt Hotel, A Waldorf Astoria Collection",123 Baronne St,Full Service Restaurants
The Jimani's,141 Chartres St,Bar
Bourbon Cowboy,241 Bourbon St,Bar
Pizza Domenica,4933 Magazine St,Full Service Restaurants
Herbsaint Restaurant,701 St Charles Ave,Full Service Restaurants
Uptown Daiquiris,2013 S Claiborne Ave,Bar
Bon Ton Cafe,401 Magazine St,Full Service Restaurants
Cibo,1114 S Carrollton Ave,Full Service Restaurants
Murphy Usa #7138,3921 Behrman Hwy,Gasoline Stations With Convenience Stores
Boil Seafood House,3340 Magazine St,Full Service Restaurants
Gazebo Cafe,1016 Decatur St,Full Service Restaurants
Dino's Bar & Grill,1128 Tchoupitoulas St,Bar
Jewel's Food Store,2136 Magazine St,Convenience Stores
Club 1,13791 Chef Menteur Hwy,Bar
Maison Dupuy Hotel - Restaurant,1001 Toulouse St,Bar
Singha Thai Cafe,828 Gravier St,Full Service Restaurants
S & I Food Store,4350 Stemway Dr,Convenience Stores
Big Easy Of Conti,409 Decatur St,Bar
Cafe Rose Nicaud,632 Frenchmen St,Full Service Restaurants
Cafe Chot Nho,14399 Chef Menteur Hwy,Full Service Restaurants
The Dungeon,738 Toulouse St,Bar
Jung's Golden Dragon 11,3009 Magazine St,Full Service Restaurants
La Crepe Nanou Inc,1410 Robert St,Full Service Restaurants
Springhill Suites By Marriott-[Rest],301 St Joseph St,Full Service Restaurants
Red Door,206 N Carrollton Ave,Bar
Larry & Larry Grocery,1340 Annette St,Convenience Stores
Renaissance Arts Hotel,700 Tchoupitoulas St,Full Service Restaurants
Farmacy,2540 Banks St,Full Service Restaurants
Market Cafe,1000 Decatur St,Full Service Restaurants
Fulton Place Restaurant,901 Convention Center Blvd,Full Service Restaurants
Court Tavern,614 Bourbon St,Full Service Restaurants
Dave & Buster's,1200 Poydras St,Full Service Restaurants
Phillips Bar & Restaurant,733 Cherokee St,Limited Service Restaurants
Az Express,1667 Tchoupitoulas St,Convenience Stores
El Pavo Real,4401 S Broad St,Full Service Restaurants
Gauchets Rockery Service,722 Robert E Lee Blvd,Gasoline Stations With Convenience Stores
Cvs/Pharmacy # 10108,5902 Read Blvd,Pharmacies & Drug Stores
Aramark @ The Cove,2000 Lakeshore Dr,Full Service Restaurants
Bayou Secret/Mayhaw,2381 St Claude Ave,Specialty Food Stores
Broussard's Restaurant,819 Conti St,Full Service Restaurants
Tito's Ceviche & Pisco Llc,5015 Magazine St,Full Service Restaurants
Happy's Irish Pub New Orleans,1009 Poydras St,Bar
Nola Tropical Winery,1 Poydras St,Bar
The Steak Knife Restaurant,888 Harrison Ave,Full Service Restaurants
Nikki Food Store,3900 St Claude Ave,Grocery Stores
Louisiana Pride Seafood,4418 Downman Rd,Full Service Restaurants
D.B.A. N O La,618 Frenchmen St,Bar
Wine Institute New Orleans,610 Tchoupitoulas St,Bar
Kajun Vieux Carre Pub,2256 St Claude Ave,Bar
Ninja Restaurant,8433 Oak St,Full Service Restaurants
Rock N Sake,823 Fulton St,Full Service Restaurants
Daisy Dukes,121 Chartres St,Full Service Restaurants
S Express Food Store,2703 Ursulines Ave,Grocery Stores
Dmac's Bar & Grill,542 S Jefferson Davis Pkwy,Bar
Gasa Gasa,4920 Freret St,Bar
Hopper's Carte Des Vins,5601 Magazine St,"Beer, Wine & Liquor Stores"
Tracey's,2604 Magazine St,Bar
Homewood Suites New Orleans,901 Poydras St,Bar
Manolito,508 Dumaine St,Full Service Restaurants
Slim Goodies Diner,3322 Magazine St,Full Service Restaurants
Evergreen Supermarket,3011 Sandra Dr,Convenience Stores
Magnolia Meat Market,900 N Broad St,Grocery Stores
Tropical Isle Bourbon Street,721 Bourbon St,Bar
Wal-Mart  #1163(Algiers),4001 Behrman Hwy,Department Stores
Fat Harry's,4330 St Charles Ave,Full Service Restaurants
Moe's Original Bar B Que,3150 Calhoun St,Full Service Restaurants
Walgreen #16312,5702 Crowder Blvd,Pharmacies & Drug Stores
Aparium Hotel Group,2031 Saint Charles Ave,Hotels & Motels
Dragon's Den,435 Esplanade Ave,Full Service Restaurants
Beerfest I,409 Bourbon St,Bar
Mannings Restaurant,519 Fulton St,Full Service Restaurants
Pickwick Club,115 St Charles Ave,Bar
Cafe Beignet Decatur,600 Decatur St,Full Service Restaurants
St. Charles Tavern,1433 St Charles Ave,Bar
Who Dat Coffee Cafe,2401 Burgundy St,Full Service Restaurants
True Cajun Seafood,4400 St Claude Ave,Grocery Stores
Sheraton New Orleans Hotel & Restaurant,500 Canal St,Full Service Restaurants
Hotel Mazarin,730 Bienville St,Bar
Snug Harbor Jazz Bistro Of La,626 Frenchmen St,Full Service Restaurants
Mr C's Billiard,6510 Morrison Rd,Bar
Sake Cafe Ii,2830 Magazine St,Full Service Restaurants
J & P Superette,2941 Eagle St,Grocery Stores
The Old No. 77  Hotel & Chandlery - Restaurant,535 Tchoupitoulas St,Full Service Restaurants
Ciro's Cote Sud,7918 Maple St,Full Service Restaurants
Broad & Banks Seafood,342 S Broad St,Grocery Stores
Roosevelt Hotel Bar,116 Roosevelt Way,Bar
Marcello's,715 St Charles Ave,Bar
Newton Discount Market,1424 Newton St,Convenience Stores
Willie's Chicken Shack,911 Decatur St,Full Service Restaurants
Jw Marriott New Orleans-[Rest],614 Canal St,Full Service Restaurants
Sunshine Food Market,2020 N Claiborne Ave,Grocery Stores
Chef Discount Market,10833 Chef Menteur Hwy,Grocery Stores
Chromatic,635 Bourbon St,Bar
Burritos Grille,7009 Read Blvd,Full Service Restaurants
Spectrum Catering,1111 Canal St,Theater Co & Dinner Theaters
Killer Poboys No 1,219 Dauphine St,Full Service Restaurants
J & J's Sports Lounge,800 France St,Bar
Deanie's Seafood,841 Iberville St,Full Service Restaurants
Winn Dixie #1439,9701 Chef Menteur Hwy,Grocery Stores
Horace's Bar,2600 3Rd St,Bar
Liuzza's Rest & Bar,234 N Telemachus St,Full Service Restaurants
Centerplate,1650 Julia St,Full Service Restaurants
Ale,8124 Oak St,Bar
Balcony Music Club,1331 Decatur St,Bar
Kiefer Uno Lakefront Arena,6801 Franklin Ave,Bar
"Catty Shack Roadhouse Tex-Mex, Llc",1839 Gentilly Blvd,Full Service Restaurants
Claiborne Express,1249 N Claiborne Ave,"Gasoline Stations, Other"
Walgreens #05358,11297 Lake Forest Blvd,Pharmacies & Drug Stores
Juan's Flying Burrito,2018 Magazine St,Full Service Restaurants
Big Cat Fuel,13245 Chef Menteur Hwy,Gasoline Stations With Convenience Stores
Whole Foods Market,5600 Magazine St,Convenience Stores
Homegrown Pizza,6325 Elysian Fields Ave,Full Service Restaurants
Scores,416 Bourbon St,Bar
The Ruby Slipper Cafe,315 S Broad St,Full Service Restaurants
Sam's Food & Liquor,8201 Chef Menteur Hwy,Grocery Stores
Fogo De Chao,614 Canal St,Full Service Restaurants
Jw Marriott New Orleans,614 Canal St,Caterers
The Delachaise,3442 St Charles Ave,Full Service Restaurants
Evangeline,329 Decatur St,Full Service Restaurants
New Orleans Country Club,5024 Pontchartrain Blvd,Sports Teams & Clubs
Paladar 511,511 Marigny St,Full Service Restaurants
Benns Grocery,6445 Isadore St,Convenience Stores
Schubert Marine,126 S Roadway St,Convenience Stores
Lagniappe Exchange,601 Loyola Ave,"Gift, Novelty & Souvenir Stores"
Shipwreck Bar,6001 France Rd,Bar
Brothers Franklin,2509 N Villere St,Convenience Stores
Sukhothai,4519 Magazine St,Full Service Restaurants
South Claiborne Market,2349 S Claiborne Ave,Grocery Stores
Walgreens #15615,801 Canal St,Pharmacies & Drug Stores
Pho Kang,2135 St Charles Ave,Full Service Restaurants
Bamboula's,514 Frenchmen St,Full Service Restaurants
Mint Modern Vietnamese,5100 Freret St,Full Service Restaurants
Centerplate,900 Convention Center Blvd,Food Service Contractors
Fast Stop,2745 S Broad St,Grocery Stores
Tomas Bistro,755 Tchoupitoulas St,Full Service Restaurants
Algiers Supermarket,3141 General Meyer Ave,Grocery Stores
Magnolia Supermarket,6100 N Claiborne Ave,Convenience Stores
Lake Forest Spur,5901 Read Blvd,Gasoline Stations With Convenience Stores
Carver Theater,2101 Orleans Ave,Bar
Chartres House Cafe',601 Chartres St,Full Service Restaurants
Minh Canh Supermarket,4661 Alcee Fortier Blvd,Convenience Stores
Ii Tonys Restaurant,8536 Pontchartrain Blvd,Full Service Restaurants
Urban South Brewery,1645 Tchoupitoulas St,Breweries
Cvs/Pharmacy #10594,500 N Carrollton Ave,Pharmacies & Drug Stores
Cavan Restaurant & Bar,3607 Magazine St,Bar
Corner Pocket,940 St Louis St,Bar
Cajun Joe's Seafood,6024 N Claiborne Ave,Full Service Restaurants
Robin's  Wharf Uptown,3629 Prytania St,Full Service Restaurants
Jack Dempsey's Restaurant,738 Poland Ave,Full Service Restaurants
Luke,333 St Charles Ave,Full Service Restaurants
Brady's Wine Warehouse,1029 Oretha Castle Haley Blvd,"Beer, Wine & Liquor Stores"
Magnolia Supermarket,2201 Magnolia St,Convenience Stores
Original Pierre Masperos,440 Chartres St,Full Service Restaurants
Cafe Degas,3127 Esplanade Ave,Full Service Restaurants
Harrah's New Orleans - Limited Service Restuarant,8 Canal St,Caterers
Lafitte's Blacksmith Shop,941 Bourbon St,Bar
Olde Nawlins Cookery,205 Bourbon St,Full Service Restaurants
Circle K #4906,6229 S Claiborne Ave,Convenience Stores
Sarita's Grill,4520 Freret St,Full Service Restaurants
Gallagher's Bar,5000 Old Gentilly Rd,Bar
The Half Shell,2517 Bayou Rd,Full Service Restaurants
Dimartino's Famous N O Muffulettas,3900 General De Gaulle Dr,Full Service Restaurants
Palace Truck Stop & Casino,12170 Old Gentilly Rd,Full Service Restaurants
99 Supermarket,4646 Michoud Blvd,Grocery Stores
Celebration Hall,1701 St Bernard Ave,Bar
Beerfest,410 Bourbon St,Bar
New Orleans Jazz Market,1436 Oretha Castle Haley Blvd,Bar
Contemporary Arts Center,900 Camp St,Art Dealers
13,517 Frenchmen St,Full Service Restaurants
Uncorked,3140 Eads St,Alcoholic Beverage Wholesalers
Fairfield Inn & Suites,346 Baronne St,Hotels & Motels
B On Canal,1300 Canal St,Hotels & Motels
Oz,800 Bourbon St,Bar
The Beach On Bourbon,227 Bourbon St,Bar
The Joint,701 Mazant St,Full Service Restaurants
Louisa Mini Mart,3423 Louisa St,Convenience Stores
Pat O Briens Bar,718 St Peter St,Bar
Trinity Restaurant,1117 Decatur St,Full Service Restaurants
Fat Catz Music Club,440 Bourbon St,Bar
Byblos,737 Octavia St,Full Service Restaurants
Lawson's Grocery & Deli,1625 Newton St,Convenience Stores
Nosh,752 Tchoupitoulas St,Bar
El Libre,3151 Calhoun St,Limited Service Restaurants
The Velvet Cactus,6300 Argonne Blvd,Full Service Restaurants
Wal-Mart #912(Eastern No),6000 Bullard Ave,General Merchandise Stores
Voodoo Lounge,718 N Rampart St,Bar
Three Legged Dog,400 Burgundy St,Bar
Vincent's Italian Cuisine,7839 St Charles Ave,Full Service Restaurants
Oishii Sushi House,5163 General De Gaulle Dr,Full Service Restaurants
Bulldog (The),3236 Magazine St,Bar
Pick Up & Go Food Store,4713 Magazine St,Grocery Stores
The Saint Bar & Lounge,961 St Mary St,Bar
Flamingo A Go Go,869 Magazine St,Full Service Restaurants
August Moon,3635 Prytania St,Full Service Restaurants
Reina's  Bar & Grill,4037 Tulane Ave,Bar
Shaya Restaurant,4213 Magazine St,Full Service Restaurants
Circle Bar,1032 St Charles Ave,Bar
Millett Duty Free,500 N Cortez St,Bar
Habibi Grocery,9530 Hayne Blvd,Convenience Stores
Louisiana Pizza Kitchen,615 S Carrollton Ave,Full Service Restaurants
The Company Burger,4600 Freret St,Full Service Restaurants
Five Happiness Restaurant,3605 S Carrollton Ave,Full Service Restaurants
Fame Convenient Store,1842 Almonaster Ave,Convenience Stores
Fuel Zone,4500 Chef Menteur Hwy,Convenience Stores
Courtyard By Marriott,124 St Charles Ave,Full Service Restaurants
My Riddim Lounge,1739 N Claiborne Ave,Bar
Tavolino Pizza & Lounge,141 Delaronde St,Full Service Restaurants
Arana Taqueria,3242 Magazine St,Full Service Restaurants
D & M Discount Store,2037 N Broad St,Grocery Stores
Three Muses,536 Frenchmen St,Full Service Restaurants
Chophouse New Orleans,322 Magazine St,Full Service Restaurants
Centerplate,1400 Poydras St,Food Service Contractors
Cornet,700 Bourbon St,Full Service Restaurants
Echo's,3200 Banks St,Full Service Restaurants
Bayou Burger And Sports Company,3226 Magazine St,Full Service Restaurants
Riverview Room,600 Decatur St,Full Service Restaurants
Maple St Cafe,7623 Maple St,Full Service Restaurants
Redfish Grill,115 Bourbon St,Full Service Restaurants
Walgreens #10316,4001 Canal St,Pharmacies & Drug Stores
The Tasting Room,1906 Magazine St,Full Service Restaurants
Celebrations,2700 General De Gaulle Dr,Reception Hall
Marjie's Grill,320 S Broad St,Full Service Restaurants
Country Club,634 Louisa St,Bar
Press Street Station,5 Press St,Full Service Restaurants
Crystal Plaza Daiquiris,5741 Crowder Blvd,Bar
The Krewe Lounge On Loyola,212 Loyola Ave,Bar
Maison De La Musique,508 Frenchmen St,Full Service Restaurants
Mr B's Bistro,201 Royal St,Full Service Restaurants
The 700 Club,700 Burgundy St,Bar
Friendly Supermarket,2704 La Salle St,Convenience Stores
Wit's Inn,141 N Carrollton Ave,Bar
Cafe Istanbul,2372 St Claude Ave,Motion Picture Theater
Magazine Pizza,1068 Magazine St,Full Service Restaurants
Toups Meatery,845 N Carrollton Ave,Full Service Restaurants
Bevi Seafood Co.,236 N Carrollton Ave,Full Service Restaurants
Jester Mardi Gras Daiquiris,619 Bourbon St,Limited Service Restaurants
Bullard Chevron,7020 Bullard Ave,"Gasoline Stations, Other"
Broadway Food Store,2223 Broadway St,Convenience Stores
Barcelona  Tapas,720 Dublin St,Full Service Restaurants
Meril Nola,424 Girod St,Full Service Restaurants
Back On The Avenue,3401 Baronne St,Grocery Stores
Prytania Hall,3445 Prytania St,Bar
R Bar,1431 Royal St,Bar
Yummy Sushi & Hibachi,6100 Hamburg St,Full Service Restaurants
Buffalo Wild Wings,4150 General De Gaulle Dr,Full Service Restaurants
Rue 127 New American Bistro,127 N Carrollton Ave,Full Service Restaurants
El Paso Mexican Grill,3010 Holiday Dr,Full Service Restaurants
The Copper Monkey Grill,725 Conti St,Full Service Restaurants
Willa Jean,611 O'keefe Ave,Full Service Restaurants
K & T Community,3733 S Claiborne Ave,Convenience Stores
Nola Restaurant,534 St Louis St,Full Service Restaurants
Pie Pizza & Pastas,814 S Peters St,Full Service Restaurants
Cajun Wills,2127 Orleans Ave,Grocery Stores
The District,711 Tchoupitoulas St,Bar
La Maison Du Lac,7412 Lakeshore Dr,Caterers
The Historic New Orleans Collection,533 Royal St,Museums
The Press Room,315 Magazine St,Full Service Restaurants
Speed Racer,8020 Downman Rd,Convenience Stores
Uptown Discount Store,1141 Simon Bolivar Ave,Convenience Stores
The Steak Pit,609 Bourbon St,Full Service Restaurants
Albertos Cheese And Wine Bistro,1100 N Peters St,Full Service Restaurants
Chickie Wahwah,2828 Canal St,Bar
Redd's Uptilly Tavern,7601 Maple St,Bar
East Of Italy,6600 Franklin Ave,Full Service Restaurants
Parkview Tavern Llc,910 N Carrollton Ave,Bar
Pontchartrain Landing,6001 France Rd,Rv Parks & Campgrounds
Club Teede,2527 Gravier St,Bar
Breads On Oak,8640 Oak St,Baked Goods Stores
Cafe' Minh,4139 Canal St,Full Service Restaurants
Celebration Distillation Corporation,2815 Frenchmen St,Alcoholic Beverage Wholesalers
Claiborne Supermarket,2541 N Claiborne Ave,Grocery Stores
Chinese Kitchen,3327 S Carrollton Ave,Full Service Restaurants
Store #142,2601 General De Gaulle Dr,Gasoline Stations With Convenience Stores
Day & Night Discount,4039 Louisa St,Convenience Stores
Bayou Oaks,1040 Filmore Ave,Full Service Restaurants
Pal's Lounge,949 N Rendon St,Bar
Place To Be Bar And Lounge,2212 S Claiborne Ave,Bar
The Boondock Saint,731 St Peter St,Bar
Walk-On's Bistreaux & Bar New Orleans,1009 Poydras St,Full Service Restaurants
Cafe Envie,308 Decatur St,Full Service Restaurants
Pearl Wine Company,3700 Orleans Ave,"Beer, Wine & Liquor Stores"
Crowder Chevron,7000 Crowder Blvd,Gasoline Stations With Convenience Stores
The Governor,301 Chartres St,Full Service Restaurants
Saints And Sinners,627 Bourbon St,Bar
The Holy Ground,3340 Canal St,Bar
Felipe's Taqueria,6215 S Miro St,Full Service Restaurants
Galliano,200 Julia St,Full Service Restaurants
Mid City Market,2526 St Bernard Ave,Fish & Seafood Markets
Bangkok Thai Restaurant,513 S Carrollton Ave,Full Service Restaurants
Buffa's Bar & Lounge,1001 Esplanade Ave,Bar
Bayou Beer Garden,326 N Jefferson Davis Pkwy,Bar
Danny's Package Liquor &      Seafood Mkt,1812 Onzaga St,Convenience Stores
Opelousas Point Supermarket,601 Opelousas Ave,Convenience Stores
Avenue Bar & Restaurant,1939 Franklin Ave,Bar
Bar Tonique,820 N Rampart St,Bar
Ace Hotel,600 Carondelet St,Hotels & Motels
The Midway On Freret St.,4725 Freret St,Full Service Restaurants
Bayona,430 Dauphine St,Full Service Restaurants
Cajun Seafood # 3,1479 N Claiborne Ave,Full Service Restaurants
Kama Sutra Cabaret,433 Bourbon St,Bar
The Bar & Steakhouse At Galatoire's,215 Bourbon St,Full Service Restaurants
Vaso,1407 Decatur St,Full Service Restaurants
Mike Anderson Seafood,1 Poydras St,Limited Service Restaurants
The Trolley Stop Cafe,1923 St Charles Ave,Limited Service Restaurants
1424 Och,1424 Oretha Castle Haley Blvd,Bar
Rizzuto's Ristorante & Chophouse,6262 Fleur-De-Lis Dr,Full Service Restaurants
Casa Honduras Restaurant,5704 Crowder Blvd,Full Service Restaurants
Blue Oak Bbq,900 N Carrollton Ave,Full Service Restaurants
Big Fisherman Seafood,3301 Magazine St,Fish & Seafood Markets
Bar Redux,801 Poland Ave,Bar
Unique General Store,127 Royal St,Convenience Stores
Bourbon Orleans Wyndham Hotel,717 Orleans Ave,Full Service Restaurants
T & T Food Mart,6419 General Meyer Ave,Grocery Stores
Domilise's Poboy,5240 Annunciation St,Full Service Restaurants
Cajun Country Store,400 Canal St,Convenience Stores
Treme Market Branch,800 N Claiborne Ave,Theater Co & Dinner Theaters
Cafe At The Square,500 St Charles Ave,Full Service Restaurants
Old Opera House Annex,811 Toulouse St,Bar
Kebab,2315 St Claude Ave,Full Service Restaurants
Restaurant August,301 Tchoupitoulas St,Full Service Restaurants
Da Jump Off Lounge,4617 Downman Rd,Bar
Geisha Sushi Restaurant,111 Tchoupitoulas St,Full Service Restaurants
F & M Patio Bar,4841 Tchoupitoulas St,Bar
Hyatt French Quarter,800 Iberville St,Full Service Restaurants
Mid City Restaurant & Lanes,8126 Earhart Blvd,Full Service Restaurants
Downman Supermarket,4827 Downman Rd,Convenience Stores
Lakeview Pearl,6300 Canal Blvd,Full Service Restaurants
Emeril's,800 Tchoupitoulas St,Full Service Restaurants
Pelican Bay,1701 Elysian Fields Ave,Full Service Restaurants
Robert Fresh Market,2222 St Claude Ave,Grocery Stores
Sushi Brother's,1612 St Charles Ave,Full Service Restaurants
14 Parishes Jamaican Restaurant,1638 Clio St,Full Service Restaurants
The Phoenix Bar Complex,941 Elysian Fields Ave,Bar
Gordon Biersch Brew Rest-,200 Poydras St,Full Service Restaurants
Stop & Carry Grocery,1328 Dante St,Convenience Stores
Markey's Bar,640 Louisa St,Bar
Tujague's Rest,823 Decatur St,Full Service Restaurants
Chef Menteur Shell,9232 Chef Menteur Hwy,Gasoline Stations With Convenience Stores
Masquerades On Bourbon/Fish Bowls Sold Here,632 Bourbon St,Bar
Dry Dock Cafe,133 Delaronde St,Full Service Restaurants
Bud Rip's Bar,900 Piety St,Bar
International House Hotel,221 Camp St,Misc Store Rtlers (Ex Tobac)
Carrollton Market,8132 Hampson St,Full Service Restaurants
Spirit Wine,3500 Magazine St,"Beer, Wine & Liquor Stores"
Louisiana Club,707 Union St,Full Service Restaurants
Barrel Proof,1201 Magazine St,Bar
Saturn Bar,3067 St Claude Ave,Bar
El Gato Negro Iii,800 S Peters St,Full Service Restaurants
Gawain Market,4418 Gawain Dr,Convenience Stores
Nine Roses Cafe,620 Conti St,Bar
Bruno's Tavern,7538 Maple St,Bar
Remoulade Inc,309 Bourbon St,Full Service Restaurants
Gentilly Shell,2035 Gentilly Blvd,Gasoline Stations With Convenience Stores
Mulate's Cajun Restaurant,201 Julia St,Full Service Restaurants
Grande Krewe,511 Marigny St,"Beer, Wine & Liquor Stores"
Nola Experience Group,109 Tchoupitoulas St,Full Service Restaurants
The Ritz-Carlton Hotel,921 Canal St,Bar
Ideal Super Market,2436 Ursulines Ave,Grocery Stores
Mega Food Store,1834 2Nd St,Convenience Stores
Freret Beer Room,5018 Freret St,Full Service Restaurants
Gladstone Restaurant Hotel Lounge,3435 Dryades St,Bar
Royal St Charles Hotel,135 St Charles Ave,Hotels & Motels
Ideal Discount Market,3340 Orleans Ave,Gasoline Stations With Convenience Stores
Jamila's Cafe,7808 Maple St,Full Service Restaurants
Vin Carre,729 Canal St,"Gift, Novelty & Souvenir Stores"
Ryan's Irish Pub,241 Decatur St,Bar
Angeline,1032 Chartres St,Full Service Restaurants
Brooks Grocery,2434 Allen St,Grocery Stores
House Of Blues Restaurant,225 Decatur St,Bar
Faubourg Wines,2805 St Claude Ave,"Beer, Wine & Liquor Stores"
Charlies Steak House,4510 Dryades St,Full Service Restaurants
Winn Dixie Store #1472,401 N Carrollton Ave,Grocery Stores
Family Ranch Market,11950 Hayne Blvd,Grocery Stores
Cochon Butcher/Calcasien,930 Tchoupitoulas St,Full Service Restaurants
Harrah's New Orleans A Jazz   Casino Company,8 Canal St,Casinos (Exc Hotel Casinos)
Hana Corporation,8116 Hampson St,Full Service Restaurants
Jacques-Imo Cafe,8324 Oak St,Full Service Restaurants
Bj's Lounge,4301 Burgundy St,Bar
Happy Discount,5301 Franklin Ave,Full Service Restaurants
Mickie Bees Lounge,5119 St Claude Ave,Bar
Horns Eatery,1940 Dauphine St,Full Service Restaurants
Hampton Inn & Suites,1201 Convention Center Blvd,Bar
Walgreens #03889,4110 General De Gaulle Dr,Pharmacies & Drug Stores
St Vincent Super Market,2372 Constance St,Grocery Stores
Toulouse Dive Bar,738 Toulouse St,Bar
Spades,633 S Roman St,Bar
Mercedes's Place,5200 Burgundy St,Bar
Mr. John's Steak House,2111 St Charles Ave,Full Service Restaurants
Cloud Nine Bistro,3138  Magazine St,Full Service Restaurants
Bourbon Bandstand,441 Bourbon St,Bar
The Blind Pelican,1628 St Charles Ave,Full Service Restaurants
Springhill Suites By Marriott,1600 Canal St,Hotels & Motels
Santos,1135 Decatur St,Bar
Poke Loa South Market,939 Girod St,Full Service Restaurants
St James Cheese Company,5004 Prytania St,Full Service Restaurants
Madigan's Bar,800 S Carrollton Ave,Bar
Bootleg Distillation,3918 Gravier St,Alcoholic Beverage Wholesalers
Fair Zone Food Store 2,1825 Gentilly Blvd,Convenience Stores
Davis Store 153,1308 S Jefferson Davis Pkwy,Gasoline Stations With Convenience Stores
Deep South Trading Co,600 Canal St,Convenience Stores
Pirates Alley Cafe,622 Pirates Aly,Bar
Coffee & Concierge Ltd,334 Royal St,Snack & Nonalcoholic Beverage Bars
Lava Supermarket,1410 N Broad St,Grocery Stores
The Tchoupitoulas Yard,405 Third St,Bar
The Chicory,610 S Peters St,Reception Hall
Mahogany Jazz Hall,125 Chartres St,Bar
Down The Hatch,1921 Sophie Wright Pl,Full Service Restaurants
One Eyed Jacks,615 Toulouse St,Bar
Zea Rotisserie And Bar,5080 Pontchartrain Blvd,Full Service Restaurants
Michelli's Lounge,5163 General De Gaulle Dr,Bar
Daiquiri Chef,3738 Downman Rd,Bar
Anita's Grill,2122 Tulane Ave,Full Service Restaurants
The Praline Connection,542 Frenchmen St,Full Service Restaurants
The Sugar Mill,1040 S Peters St,Reception Hall
Hotel Le Marais,717 Conti St,Full Service Restaurants
Sala,124 Lake Marina Ave,Full Service Restaurants
Melvin's,2112 St Claude Ave,Bar
Brothers Food Mart 109,148 Carondelet St,Grocery Stores
La Thai Cuisine,4938 Prytania St,Full Service Restaurants
Bourbon Street Patio Bar,530 Bourbon St,Bar
Xavier University,1 Drexel Dr,Caterers
Parlays,870 Harrison Ave,Bar
Bayou Burger &  Sports Company,501 Bourbon St,Bar
Manchu Kitchen,1782 N Dorgenois St,Limited Service Restaurants
Coquette,2800 Magazine St,Full Service Restaurants
Seven Three Distilling Co,301 N Claiborne Ave,Alcoholic Beverage Wholesalers
Tiger Mart,3450 Kabel Dr,Convenience Stores
Cafe Sbisa,1011 Decatur St,Full Service Restaurants
Inter Continental,444 St Charles Ave,Full Service Restaurants
Carrollton Station,8140 Willow St,Bar
Tchoup-Stop,5600 Tchoupitoulas St,Convenience Stores
The Bulldog,5135 Canal Blvd,Bar
Juan's Flying  Burrito,515 Baronne St,Full Service Restaurants
Canal Mart &  Eatery,2700 Canal St,Convenience Stores
Castnet,10826 Hayne Blvd,Fish & Seafood Markets
El Taco Loco Llc,1120 S Carrollton Ave,Full Service Restaurants
Patois,6078 Laurel St,Full Service Restaurants
Bourbon Vibezz,420 Bourbon St,Bar
Huge Ass Beer Bar & Grill,333 Bourbon St,Bar
Desi Vega's Steakhouse,628 St Charles Ave,Full Service Restaurants
Igor's Check Point Charlie,501 Esplanade Ave,Bar
Rouse's Market #46(Cbd),701 Baronne St,Grocery Stores
Fat Boy Pantry,1302 Magazine St,Grocery Stores
Carmouche Rock Bottom Bar,3801 Tchoupitoulas St,Bar
Crescent Palms Motel,3923 Martin Luther King Jr Blvd,Bar
The Allways Lounge,2240 St Claude Ave,Bar
Hoshun Restaurant,1601 St Charles Ave,Full Service Restaurants
Hard Rock Cafe,125 Bourbon St,Full Service Restaurants
Morton's Of Chicago/N O Llc,365 Canal St,Full Service Restaurants
Prytania Liquor Store Inc,1300 Arabella St,"Beer, Wine & Liquor Stores"
Haiku,4430 Magazine St,Full Service Restaurants
The Showcase Bar Lounge,1915 N Broad St,Bar
Circle K #8276,6050 Magazine St,Convenience Stores
Ted's Frostop,3100 Calhoun St,Full Service Restaurants
Society Page Lounge Llc,542 N Rampart St,Bar
Cvs/Pharmacy #10559,939 Girod St,Pharmacies & Drug Stores
Cvs/Pharmacy #5503,4901 Prytania St,Pharmacies & Drug Stores
Doris Metropolitan,620 Chartres St,Full Service Restaurants
Martin Wine Cellar,3827 Baronne St,Full Service Restaurants
Bertha's Place Bar & Rest,1355 St Bernard Ave,Bar
Sportsman's Lounge,3120 Diana St,Bar
Fuel Express Mart,7220 Hayne Blvd,Gasoline Stations With Convenience Stores
El Patio,845 Carondelet St,Full Service Restaurants
Spiders  Meat Market,3800 St Bernard Ave,Grocery Stores
Reginelli's Pizzeria,930 Poydras St,Full Service Restaurants
Slice Pizzeria,1513 St Charles Ave,Full Service Restaurants
Crazy Al's,26860 Chef Menteur Hwy,Bar
Holiday Inn Dtn Superdome,330 Loyola Ave,Full Service Restaurants
Snake & Jakes Christma  Club Lounge,7612 Oak St,Bar
The Troubadour,1111 Gravier St,Hotels & Motels
Industry Bar & Kitchen,240 Decatur St,Full Service Restaurants
The Ruby Slipper Cafe,1005 Canal St,Full Service Restaurants
The Soul Knights Motorcycle Club,2710 Thalia St,Bar
Club Gemini,2731 Hamilton St,Bar
Twist 504,1605 Esplanade Ave,Bar
Klutch Bar & Daiquiri,7910 Earhart Blvd,Bar
Victory,339 Baronne St,Bar
Frenchmen Deli,602 Frenchmen St,Limited Service Restaurants
New Orleans Drink Lab,343 Baronne St,Schools & Instruction
Hyatt Place New Orleans Convention Center,881 Convention Center Blvd,Hotels & Motels
Mopho Mid-City,514 City Park Ave,Full Service Restaurants
Coye Food Store,9103 Fig St,Convenience Stores
Wow Cafe & Wingery,300 Canal St,Full Service Restaurants
I D Lounge,2038 Washington Ave,Bar
Barcadia Bar And 601Grill,601 Tchoupitoulas St,Bar
Sidney's Saloon,1200 St Bernard Ave,Bar
Quik Pik Food Mart/Dolly's    Deli Inc,5151 Canal Blvd,Convenience Stores
Curio,301 Royal St,Full Service Restaurants
Abbey Bar,1123 Decatur St,Bar
Old Point Bar,545 Patterson St,Bar
Natal's Deli,7342 Chef Menteur Hwy,Full Service Restaurants
Namese,4077 Tulane Ave,Full Service Restaurants
Nola Beans,762 Harrison Ave,Full Service Restaurants
Fiorella's,1136 Decatur St,Full Service Restaurants
Tony's Hist Parakeet Bar & Lounge,1966 Hope St,Bar
Brothers Food Mart No 122,1926 Newton St,Convenience Stores
Finn Mc Cool's,3701 Banks St,Bar
Balcony Bar & Cafe,1104 Harmony St,Full Service Restaurants
Fox Bar Iii,3801 Washington Ave,Bar
Save A Lot #379-5324,1841 Almonaster Ave,Grocery Stores
Bayou Gifts,1000 Canal St,"Beer, Wine & Liquor Stores"
Save A Lot #378-5434,3640 Macarthur Blvd,Grocery Stores
Keller Market Food Store,1802 Magnolia St,Convenience Stores
Johnny White's Hole In The Wall,718 Bourbon St,Bar
Rouses Market #26,4500 Tchoupitoulas St,Full Service Restaurants
Man Chu Food Store & Chinese  Food,1413 N Claiborne Ave,Convenience Stores
Attiki Bar & Grill,230 Decatur St,Full Service Restaurants
Cinebarre Canal Place 9,333 Canal St,Motion Picture Theater
Lilette,3637 Magazine St,Full Service Restaurants
Ideal Discount Supermarket,250 S Broad St,Grocery Stores
Sylvain,625 Chartres St,Full Service Restaurants
Gene's  Poboy,1040 Elysian Fields Ave,Full Service Restaurants
Brisbi's Lakefront Restaurant & Bar,7400 Lakeshore Dr,Full Service Restaurants
Esplanade Mini Mart,839 Esplanade Ave,Convenience Stores
Pat O's,624 Bourbon St,Bar
Nick's Supermarket,746 Washington Ave,Convenience Stores
Cafe Negril,606 Frenchmen St,Full Service Restaurants
Big Tastee Restaurant,2901 Tulane Ave,Full Service Restaurants
Toast,1845 Gentilly Blvd,Full Service Restaurants
A & M Food Store,1741 Mcshane Pl,Grocery Stores
Cellardoor Nola,916 Lafayette St,Full Service Restaurants
Ro's Smoking Jo's,3827 Frenchmen St,Full Service Restaurants
Hilton New Orleans/St. Charles Avenue,333 St Charles Ave,Bar
Staybridge Suites New Orleans,501 Tchoupitoulas St,Hotels & Motels
Trop Isle's Orig Papa Joe's   Cafe,600 Bourbon St,Bar
Superior Grill,3636 St Charles Ave,Full Service Restaurants
Effervescence,1036 N Rampart St,Full Service Restaurants
Simones Market,8201 Oak St,Grocery Stores
Algiers Discount Food Store,3549 General Meyer Ave,Grocery Stores
Il Mercato,1911 Magazine St,Reception Hall
Basin St Station,501 Basin St,Reception Hall